Teslin_V1_ms_1,Pelly_V1_ms_1,White_Donjec_V1_ms_1,Stewart_V1_ms_1,Porcupine_V1_ms_1,Tanana_V1_ms_1,Koyukuk_V1_ms_1,Yukon_V8_ms_1,Yukon_Flowtime_days,Pelly_Df,White+Donjec_Df,Stewart_Df,Porcupine_Df,Tanana_Df,Koyukuk_Df,Protein_turnovertime_seconds,Polypeptide_turnovertime_seconds,Amino_acid_turnovertime_seconds,Heteroploycondensate(HPC)_turnovertime_seconds,Polysaccharides_turnovertime_seconds,Oligosaccharides_turnovertime_seconds,Humic_acid_turnovertime_seconds,Monosaccharides_turnovertime_seconds,Inorganic_carbon_turnovertime_seconds,Lipids_turnovertime_seconds,Pigments_turnovertime_seconds,Porphyrin_turnovertime_seconds,V-Phenol_turnovertime_seconds,S-Phenol_turnovertime_seconds,C-Phenol_turnovertime_seconds,Protein_fraction,Heteroploycondensate(HPC)_fraction,Polysaccharides_fraction,Lipids_fraction,Pigments_fraction,V-Phenol_fraction,S-Phenol_fraction,C-Phenol_fraction,Teslin_DOC_micromolar,Pelly_DOC_micromolar,White_Donjec_DOC_micromolar,Stewart_DOC_micromolar,Porcupine_DOC_micromolar,Tanana_DOC_micromolar,Koyukuk_DOC_micromolar
0.5568435500613088,0.7510282364890855,0.4902272267666506,0.5321118628458196,0.7526382306429039,0.9055841834107107,0.7565229034740018,0.8380659577414394,46.41203703703704,0.3090880691665104,0.06386565343466384,0.16928143978321158,0.08787854583223831,0.17444210853146982,0.06372691123336126,9298711.92008572,1925802.7450296925,859992.8530929298,862412585622.0764,25402218.057380993,7461295.033769991,25630093.182278313,25748846.114759814,2550810.595838493,2093596.4448713886,8683993.954977188,8124472.9631166365,2427775.100813604,2501984.5889778254,2711254.736776711,0.03687093872683687,0.8775164456236195,0.03687093872683687,0.03687093872683687,0.007344211372418726,0.0007344211372418726,0.0014688422744837451,0.002203263411725618,358.5606450750139,670.0553543751258,684.566532961934,709.3413502022678,479.0360649823288,307.60049224433004,193.82839275150664
0.5073949070506423,0.6693544527516656,0.5342448277219983,0.5689543029516684,0.6976573867093013,0.9203646095512977,0.6905665062864532,0.8019918481180913,48.148148148148145,0.30044853131068644,0.06668908411649561,0.17044867701501185,0.08932122114985162,0.18100083077556306,0.06133329122431247,8507967.648361422,1999974.7568938253,846368.859234838,893433879089.3237,26572719.904551152,7281419.455424129,26498646.016817644,24847838.47742572,2544374.1025119633,1942649.8692911796,8355410.196293388,8681366.335867481,2529310.037952932,2677083.8569998583,2533634.8352654334,0.06155121424420764,0.7956100353293858,0.06155121424420764,0.06155121424420764,0.01226020121124461,0.0012260201211244611,0.0024520402422489223,0.003678060363373384,401.68042233278163,731.703540656263,647.7187458130013,702.4623941204582,487.11803946883816,308.4411626813283,181.54740081779275
0.5727533461779906,0.7033375128578688,0.5078571987380238,0.5314728028572424,0.6833533480795826,0.9629807604354159,0.7439647404150286,0.861414692353949,45.60185185185185,0.30367615014355437,0.06215235121760981,0.17321405292938385,0.0815118992472932,0.17034377288154115,0.060973340993020354,9099239.80846421,1910156.4336340362,823224.5446919453,887468678378.0219,24910793.262325976,7761073.649307006,25238166.118995734,26788864.005653754,2493314.388081395,2070084.4704085568,8054637.7574080955,8521538.332958281,2396115.6776047694,2555624.4235691163,2524761.9828359447,0.04275805614098279,0.8579788738475678,0.04275805614098279,0.04275805614098279,0.008516848580927466,0.0008516848580927466,0.0017033697161854932,0.00255505457427824,365.17846670813367,681.7947548864366,709.0986680515842,692.222351419731,510.23007439409145,326.7416997295806,185.3882837263794
0.5410698407203609,0.7455022000010508,0.5227337171316636,0.5398177872363201,0.7038755234763192,0.8819056705242935,0.7244421243120709,0.8140639544533972,47.56944444444444,0.27873312900989483,0.06355951584892248,0.17207630192665402,0.09319814747797632,0.1752832943657662,0.0596598411836175,8811649.722068045,1965410.4699421232,802767.8397512502,856511928851.3273,26073969.07748007,7842810.090785065,25170463.685555216,25909328.311958384,2739516.6080102813,2169565.6684409548,9310991.022892961,9040475.003076417,2556633.951156144,2513978.996660141,2543834.5951503287,0.03846865870046504,0.872214093646099,0.03846865870046504,0.03846865870046504,0.007662456407816208,0.0007662456407816207,0.0015324912815632414,0.0022987369223448624,367.7367270655061,684.5574177776854,641.8940435687213,721.5278850398657,514.0639729033168,316.6146836621174,203.04020006160962
0.555082068054999,0.7016073220544724,0.4874598099645454,0.5595120012779107,0.6984797302672133,0.8492983113589098,0.7348338029218578,0.8890188216921044,44.675925925925924,0.29199760259284135,0.0648901762959793,0.16080571826841855,0.08912329315241593,0.19091549396669738,0.06119505466154542,7965706.686903138,2087553.1371530734,857347.5120956149,830125770495.0327,25645466.008232214,7814340.719256091,25898129.374281608,24378290.53783193,2601820.9190581264,2000840.9933943085,8975793.63048226,9331155.872921621,2595160.677446847,2716445.228083989,2581771.717784955,0.045769511932798525,0.8479847579596069,0.045769511932798525,0.045769511932798525,0.009116691401248487,0.0009116691401248486,0.0018233382802496972,0.002735007420374546,382.6912372723427,703.2455687525278,680.768077410464,668.5088239744044,473.4618850784707,319.30308575596564,199.1435599386615
0.5803379629524709,0.7095774502590433,0.5059173000999275,0.5162359874314907,0.756863260174435,0.9437980210546404,0.7058213629888165,0.8534765290229523,46.06481481481481,0.2901840117400919,0.0668692081445391,0.1570772953275717,0.08468925986988682,0.17204419969516777,0.058652475786399476,8981108.742436172,2019833.2718541806,921728.7547876249,810945971810.4197,26864979.831359435,7534374.469838944,27270058.171681747,24903385.08166289,2584203.2140535023,1866230.6738017118,9191756.462554604,8953234.396892099,2580188.9994642823,2478449.0559240966,2629289.2503978834,0.03349733268103103,0.8887124292650662,0.03349733268103103,0.03349733268103103,0.0066722329324004894,0.000667223293240049,0.001334446586480098,0.002001669879720147,377.46414733647106,709.2074657171684,715.2008781371653,712.7123180866133,525.5814287660075,324.9271044857553,199.88201324840648
0.5427189802979,0.7315047793655338,0.516683303532521,0.5541530511136316,0.7815052727931456,0.8823434329719774,0.6835870435559906,0.8553668157445171,45.94907407407407,0.2815745580130041,0.0688286276472773,0.17540166137314536,0.09215029845896486,0.17867004126673713,0.05940334874544471,8759839.700549575,1954228.251555583,899473.3324309215,898891337209.9188,24849697.50495908,7776424.545385868,28442830.18565173,23946870.135491572,2422484.9989854353,2021675.679507637,8957081.704470467,8538389.558700163,2767738.7014044,2685147.490584567,2610013.6239060774,0.059071048944524134,0.8038409578930509,0.059071048944524134,0.059071048944524134,0.011766184545860498,0.0011766184545860497,0.0023532369091720995,0.00352985536375815,382.13278519606035,691.553288215984,633.7199172208624,676.5852265514726,491.6949495640273,300.20471744644954,205.789417329602
0.5428930213430556,0.770268395263876,0.5122354799025601,0.535437142458148,0.6951761974975312,0.8753972876686109,0.6960537007999551,0.8524823629703028,46.06481481481481,0.2971669983435508,0.06827198613515063,0.17837814269125252,0.0882820284607378,0.17098814354758896,0.05675059191749318,8640884.623903312,1852496.2296353378,850209.7181497517,914546450472.7336,25666320.519592896,7921516.417835907,27403679.978101823,25527417.79083866,2768611.0056629768,2024605.1562041852,9093396.842334583,8806055.603832737,2501542.502057151,2528781.9906462887,2722729.490845113,0.04450654446849214,0.8521761670565977,0.04450654446849214,0.04450654446849214,0.00886512471120372,0.0008865124711203719,0.0017730249422407438,0.002659537413361116,379.97566116998604,704.8290951103628,629.1957870258175,652.6630132461981,507.2938534825806,314.9889713829958,186.3537729122046
0.5643376675250339,0.7279002161788997,0.5008454442269502,0.5857508887548896,0.7496609463509127,0.9786768305818294,0.7032871672088423,0.9380883821822525,42.93981481481481,0.282171203774231,0.06565044924810719,0.16976282699882783,0.08599797313891448,0.17309593019211703,0.06210497871224969,8939247.241014585,2052787.0888579765,817612.560938306,890841339301.3081,23895794.67070171,7404014.773128516,24031301.861687664,26479351.25516144,2830000.4330393104,1879930.6725708493,8741368.96483349,8267677.430645744,2708382.084840918,2594710.093048911,2741606.677737467,0.0323715194541391,0.8924486647058572,0.0323715194541391,0.0323715194541391,0.00644798558232852,0.000644798558232852,0.001289597116465704,0.0019343956746985564,414.9606204386722,688.45384800446,638.2563920605578,677.028835126008,505.34862670030395,333.31346218566773,194.80194271701203
0.5753123413691159,0.6889357760982445,0.5085254427689317,0.5088823322266502,0.7557238965846379,0.86449752649864,0.7719576866078234,0.949475000926445,42.59259259259259,0.27101100566666125,0.06365552550568035,0.1614656391616197,0.09142395116575042,0.1856475233630606,0.056442530934032564,8615531.883224923,1890616.6861224372,935889.1327098288,937104574712.2402,24471597.181232188,8128455.472786114,26028415.774751432,25048139.578935653,2662961.148320554,1997267.7513578509,8313636.93647305,8969343.648248076,2469340.0653524767,2420760.9531097044,2698482.9120459496,0.07191850760292853,0.7612041072884925,0.07191850760292853,0.07191850760292853,0.014325231189201213,0.0014325231189201211,0.0028650462378402423,0.0042975693567603645,386.83278566701335,656.9746523850773,627.2727598844624,665.0082768882245,493.84954247091855,303.26129972882813,208.81475556355778
0.5368307008858657,0.7580944865200846,0.5012968879696963,0.5499203802484468,0.7322175547255227,0.9303203610620404,0.7890383514034125,0.8575468275802385,45.94907407407407,0.28535685292596746,0.0650608025875681,0.17418111141322312,0.0941895116260961,0.1881380587153683,0.059187657254295936,8193319.710979488,2025071.441294001,837281.4841512034,841639109104.2749,26328522.336359713,8288341.109068527,24637140.718750432,25182052.315768294,2518454.833633753,2052290.1770772843,8504268.195719715,8574602.562739365,2436921.78601396,2788773.290613184,2774166.3129994124,0.06042160781284449,0.7993588592747715,0.06042160781284449,0.06042160781284449,0.012035198304184471,0.001203519830418447,0.002407039660836894,0.0036105594912553417,379.1774815335703,706.508932226308,624.5496357666069,656.1216008536792,537.4080982306813,309.4610862673401,197.08176171839938
0.5591949958273267,0.6914757932402663,0.5378661738870738,0.5714231708461633,0.7253465086673836,0.9155780156492548,0.6708581691938902,0.9034494641738376,44.09722222222222,0.2763508412847314,0.06340503748140805,0.16806541309663903,0.09135209206144108,0.18466142930848062,0.06162656370198143,8095443.505777844,1946659.3075953156,903004.0648907294,874714123971.5354,27017928.205093108,8021505.808837959,25502933.151839282,27052764.13418291,2558803.5959106474,1900855.0090183967,8530822.463248553,8836687.954341425,2778669.2691821815,2725542.252703376,2683225.060047337,0.04731459131436083,0.8428571042721782,0.04731459131436083,0.04731459131436083,0.009424451115462118,0.0009424451115462117,0.0018848902230924234,0.0028273353346386356,369.07321159750785,718.3106258435216,674.9274215877767,725.153791558709,476.6770692785038,314.2958323092863,204.05281367508744
0.5680191575441704,0.6718549466079038,0.5236700038155452,0.5194202578023298,0.72016694848794,0.9168986115327248,0.7142164246564764,0.8822221968716649,44.791666666666664,0.28314575176709617,0.06417530975939259,0.16261918118042085,0.09603562519423528,0.1748313149418347,0.0572373371682016,8483144.119001126,1962371.1929876814,895770.8890350929,815419892825.0947,24283438.56773482,7571343.015623511,24069988.475021426,26848946.338225063,2755953.8069001194,2032847.8335883669,8639862.408895811,7938409.568046418,2649926.5554624856,2744570.3236691523,2602767.941042842,0.0547784656741426,0.818086750502561,0.0547784656741426,0.0547784656741426,0.010911157796882063,0.0010911157796882063,0.0021822315593764126,0.0032733473390646195,407.385658695312,644.8236467610504,666.296295932295,631.8618639780693,481.8561296422725,310.7638923118804,206.1317859818512
0.571354924122462,0.7429210451203291,0.5179399731601818,0.5239682886200555,0.7342634992566687,0.9677187388934588,0.7251257557767616,0.8987391672020706,44.21296296296296,0.2739607829690103,0.05849876406765022,0.17659948124300756,0.08763805262945819,0.19180326080548826,0.058107920766800145,8228791.3316552015,1992265.9201331532,871326.0543896905,849201934877.1919,25740516.480231605,8228961.2817298025,26311204.874809466,26350596.3533119,2523192.996395077,1968736.9766884865,8729438.897471178,9346134.857249375,2509257.5482492214,2577650.4389578803,2399340.340940135,0.05492082309619866,0.8176143090417213,0.05492082309619866,0.05492082309619866,0.010939513543551766,0.0010939513543551766,0.0021879027087103532,0.00328185406306553,380.4530071292016,721.8109498769469,682.105047352274,673.4327405388568,512.915162928462,324.5565911072527,199.55618484772717
0.5983271196246489,0.7348799318382637,0.5519164709000288,0.560457104982327,0.7268813490526813,0.8599668294991096,0.7304626193638329,0.8316314479928442,46.99074074074074,0.2800469281150618,0.06259539057744423,0.17515118981492744,0.09075632118883228,0.1837191469095637,0.058592817545863894,8719738.473098567,2042516.6860741852,841306.5906134166,923246430523.2133,26439309.635960158,8083266.170258883,25039029.033352777,26875770.705586348,2422969.006011937,2008529.5236827452,9228351.59978122,8018790.922142699,2614869.912389344,2549125.6432491653,2654063.197699108,0.028795449528406073,0.9043165650610134,0.028795449528406073,0.028795449528406073,0.0057356789711052744,0.0005735678971105274,0.0011471357942210549,0.0017207036913315826,372.70377018409124,693.193784528955,652.3660260834638,685.4986095436869,532.1285744996125,313.8185980043977,202.7694431948407
0.5607181195798556,0.7249881548190787,0.5317303001338529,0.5900259153793656,0.7433336276501146,0.9347991677401165,0.7126983037030967,0.865574234079494,45.48611111111111,0.2996257359726309,0.06397864001811737,0.18007095734103706,0.08622692529084841,0.16748412766526227,0.06177972479282412,8733891.016131936,1989746.079292616,879862.0256909924,843377719795.6111,24695245.561680794,7957787.966807014,27652348.31225689,25417239.132368077,2715720.644659573,1979546.6018321023,9005493.586152727,8635213.6365841,2674997.97454842,2582648.3379060617,2550888.5562955798,0.0541101323630735,0.8203047477186456,0.0541101323630735,0.0541101323630735,0.010778034495083745,0.0010778034495083745,0.002155606899016749,0.003233410348525124,384.8345209704221,719.6626741586472,607.6331282303433,695.5316704217527,533.2385290951288,321.1887960771374,196.09300755978344
0.5164047091227102,0.7388747050246763,0.5192243139237046,0.5426389036216113,0.7475376255094004,0.8422672539607099,0.7600522684718043,0.7980194478993337,48.263888888888886,0.31528304393443973,0.06755616462029615,0.16500549301782505,0.0880699794727259,0.17826937103629437,0.0628674403259892,8777175.977678178,1982717.1584201145,800298.9313197731,804456118673.2903,24740820.46285983,8161690.278561636,25750188.10851016,28001333.522246554,2699287.1394156753,1936090.2011810013,9443620.368690228,8640546.597512979,2538938.532642993,2639336.6148278727,2516721.834779174,0.04083176747572133,0.8643716464748826,0.04083176747572133,0.04083176747572133,0.008133156936220916,0.0008133156936220915,0.001626631387244183,0.002439947080866275,411.76360546469004,664.2180933056646,663.9212668180193,672.2100315552268,527.4101339483232,323.86562830921844,209.9009704453903
0.5462002175046594,0.6831755765086964,0.5137417564239517,0.543424837843196,0.7292835069328583,0.9589655399460584,0.7535698156520281,0.8490539679328025,46.06481481481481,0.2683869659676075,0.06130814227969128,0.16611986466918643,0.0918952239776966,0.18256218394603088,0.06052225428108106,8925766.381986033,2008650.0942138461,853529.4543238529,792694143038.8721,25818144.12045042,8101537.280702031,27132599.818368413,24583083.393454496,2603988.668694503,1949116.8044869474,7920069.084247055,9186315.315363586,2633741.6371436724,2446693.9897784474,2504144.645754861,0.06876984167804887,0.7716535823334997,0.06876984167804887,0.06876984167804887,0.013698057895221117,0.0013698057895221115,0.002739611579044223,0.004109417368566335,419.2687160817145,660.5201717881178,672.2261338193063,705.3898632770947,463.01298617002755,312.78678142568685,216.2197883977668
0.5818289586746966,0.7209895095866614,0.5354941201952026,0.5546925015239537,0.7236853373401054,0.835113373599036,0.7018523485853783,0.9321174049677746,43.05555555555555,0.2915376244323034,0.06560166106040627,0.17910584550115968,0.09724614534755785,0.17584911319165056,0.06135891028073822,8657567.729281737,1930994.062132769,809184.9935649544,875249611250.6641,25776636.230407186,7562187.126677299,25451456.430022765,24780054.337152462,2641208.0466982136,2018115.551273167,8703169.635945955,8406405.658314664,2807726.202155977,2512048.1573256515,2731264.694137973,0.03486725401810362,0.8841660724374806,0.03486725401810362,0.03486725401810362,0.006945103442630397,0.0006945103442630397,0.0013890206885260794,0.0020835310327891195,393.45467295382696,633.3629124173345,669.605525881468,643.6788097797975,493.04780220205487,309.81348693323093,198.44269697272387
0.556468900513152,0.7303963623502363,0.5299599718542408,0.5129345239330768,0.739772470626531,0.853154053960629,0.6592539636263164,0.8784390049903108,45.023148148148145,0.3076105186248289,0.06329361155894143,0.15899911168944997,0.09063558641793876,0.1723170894726169,0.062004358533994296,9138012.85188089,1901572.2982896273,867704.0002771828,836909763960.8674,27254585.299827993,8211927.634276949,27160742.196949393,26636178.532766107,2476197.670385953,1854490.3433088115,8521948.683307918,8923076.748839187,2540558.4525077264,2600773.9435328734,2649145.0057597077,0.053591657009949334,0.8220254114515341,0.053591657009949334,0.053591657009949334,0.01067476094913625,0.001067476094913625,0.00213495218982725,0.003202428284740875,352.3286154968347,686.3115787254029,686.3189124938565,623.0224230815952,510.2996521875319,289.58978594484375,202.2991578532283
0.5530972120529146,0.7843062254664598,0.5110542927979989,0.5805014126934601,0.7173994025581732,0.9493063249630223,0.7367155167345288,0.8832894815055599,44.791666666666664,0.2874638849764617,0.0608993211129377,0.17435694787659006,0.08416528303392808,0.18118711675376792,0.06013704482012699,8818402.879883515,2047110.0037776849,866136.3802815304,796127739575.7518,26180330.085873846,7440113.749894838,26398914.331176296,24114018.11925521,2710455.1404039427,2059063.6851950996,8822648.263584109,8254214.390553199,2583356.698423966,2426677.8630701937,2796777.583920755,0.051979711969792196,0.8273749721457792,0.051979711969792196,0.051979711969792196,0.010353682465527713,0.0010353682465527713,0.0020707364931055426,0.0031061047396583144,404.9630479480418,697.1466274708195,668.9427182967302,681.4001328770586,521.6805743883671,312.03399228288,192.7213818763645
0.5615303849244874,0.7181251181605788,0.5212515181572491,0.5953041050976642,0.6864232322254034,0.91781472092346,0.7576895260518696,0.8478588973235532,46.06481481481481,0.28787321511152375,0.05980323521774859,0.1717365941155766,0.09449728438469257,0.1801756748657151,0.060327007122724687,8260273.821587235,2006063.1603126084,834017.5055471793,884042618965.148,25930811.56381412,7722909.549457529,24862497.59553956,27240792.77327323,2690578.1777930376,1961049.6603764337,8101999.340801844,8229655.634132868,2591419.5632987013,2468038.590099118,2622349.769708017,0.0505782434881681,0.8320260244563398,0.0505782434881681,0.0505782434881681,0.010074528174472507,0.0010074528174472508,0.0020149056348945016,0.0030223584523417528,394.705397426236,676.9030251811341,676.8047134824754,664.1392307613562,518.7673009147408,322.2445578486163,204.23415406339493
0.5339013534616319,0.7621220666779214,0.5155039136380288,0.5793626027409986,0.6815181133422378,0.8786828641431785,0.7222120307218128,0.8641519910357043,45.48611111111111,0.2960941437447398,0.06175897038079927,0.15991383981904758,0.09030343315792537,0.1780688479014691,0.05631627224448044,8591032.189883173,2076898.837930628,887617.276072758,872945597468.3894,24970192.92724865,7910157.673721269,26989757.985941347,26390525.88583114,2629822.0994912777,1840715.0394861095,8801454.01887761,8591753.95630483,2513671.3420748934,2619872.992913015,2414257.8183827354,0.0664080753786842,0.779491574231066,0.0664080753786842,0.0664080753786842,0.01322762477055092,0.001322762477055092,0.002645524954110184,0.003968287431165276,385.6575931860584,674.6191924869166,693.2896899376265,639.6117962338108,517.8152625144165,303.6318284541966,197.5842265926895
0.5523729420781645,0.7665539097384574,0.5279338982576931,0.4981726860661522,0.7659916245906582,0.935386500214389,0.7191556709351674,0.8077127744780486,47.916666666666664,0.2740147077921946,0.06471916308033308,0.18174077776621778,0.0855542487376555,0.1867533065306683,0.06225218140165915,7859793.122190694,2170703.4113056404,785603.4380767808,860645937559.8483,26659270.218790732,8368656.626977524,26531497.002710316,25202798.76215112,2530267.6090442035,2083270.6536094705,8254616.468796068,8458067.633804822,2487431.6133136675,2652942.8472473067,2439477.05937669,0.04602351853929133,0.8471417864411487,0.04602351853929133,0.04602351853929133,0.009167286213110876,0.0009167286213110875,0.001833457242622175,0.002750185863933263,415.57780648206824,626.2642085070711,654.4993792969717,653.9340304634443,528.8212814666437,318.6642435227731,195.6421850964874
0.54931482372676,0.6956331013182016,0.5312312070297689,0.5636928939610701,0.7133293508292232,0.9499106010504967,0.712292148250753,0.8206872300179302,47.33796296296296,0.2898475259111681,0.06651162239724022,0.1662052281281513,0.09047227036165867,0.18938714192285885,0.058207611783770895,8889517.652305318,2063560.5945930448,860816.5838406538,889911567370.8369,24084716.76532418,8069130.87584954,25931299.04764474,25385206.710935064,2398737.1357725346,1924540.818394824,8769042.253799334,8996477.379237337,2699166.4360037437,2770858.339355317,2748523.065803503,0.05683019549708678,0.8112776764072291,0.05683019549708678,0.05683019549708678,0.011319835688444116,0.0011319835688444115,0.002263967137688823,0.003395950706533235,370.46286973231173,636.4044588063883,698.3629802600051,670.0347897533904,502.7758357381561,330.660299174423,190.61221716073754
0.5831244770623025,0.7297033169004132,0.5626451758484465,0.5477321442759426,0.6637948209444792,0.9737120360624781,0.6981100938354441,0.8690519066083237,45.37037037037037,0.28638173322954896,0.06019438113831958,0.16227634395033577,0.09175925291484477,0.1764703583330155,0.06255460749126397,9217841.691413332,1978086.5156444474,827681.2542204099,854471251972.8403,25130719.60556483,7652309.626571994,26833420.354433022,25022137.50549423,2635012.9965084153,1964072.2455013911,8157918.556092125,8886060.02082264,2630758.910362057,2618812.163111873,2617645.2842065967,0.031017441680194126,0.8969424415133721,0.031017441680194126,0.031017441680194126,0.006178270903778505,0.0006178270903778504,0.0012356541807557009,0.0018534812711335517,363.49135263722775,689.6050993315968,723.6981184519207,625.4627479326208,502.09284655301803,322.9457402387833,198.04747794187034
0.5307756526016593,0.7229421421281923,0.5046259665460151,0.5501433296869473,0.7417828337319179,0.8945887584223313,0.7512265030906957,0.8679886121686826,45.37037037037037,0.2805946429914021,0.06315051673422827,0.16844056810423405,0.09390042576957322,0.19045021630878886,0.05990718252447509,8375477.209767603,1880766.5137211538,920147.1626636921,834085115822.8019,25871624.5554785,8331951.142530056,25790508.56404361,26082070.85150255,2457756.8297517756,2038411.9629609527,8453488.740859749,8705652.66935122,2732884.6954669952,2708593.1311752163,2599693.4467404913,0.03928774465871548,0.8694957937423768,0.03928774465871548,0.03928774465871548,0.007825607675923002,0.0007825607675923002,0.0015651215351846005,0.002347682302776901,387.95383019897184,658.3353903818647,653.8481700055202,694.424492437777,497.4639570673186,316.2905581379573,211.6754886414021
0.5887645986574102,0.7200130788333795,0.4717884936744505,0.5453168997331144,0.6783940463993607,0.9009665164199036,0.7313776031551025,0.8602786493969504,45.60185185185185,0.3027459965447831,0.06614622002660203,0.17242767120565042,0.09007109845780589,0.17732727131934128,0.05890137486514073,8540406.244099373,2069936.2595937992,829881.7911897635,860291889469.0724,23845972.990180224,7701312.147052047,24376774.87143599,25485638.35235079,2359903.777573327,2010523.2331177026,8482877.439546626,9113356.764013376,2568353.199631893,2450078.3765031844,2675841.846138411,0.046949077799163685,0.8440701336778975,0.046949077799163685,0.046949077799163685,0.009351645577882197,0.0009351645577882197,0.0018703291155764395,0.0028054936733646597,359.80440628650666,675.4146339408741,687.0498676504407,679.5219269499567,505.91841241177497,338.19285510027385,191.86041447158073
0.5882331568062362,0.7482865938577427,0.5396672794510711,0.5389502936205652,0.6933532459381192,0.9939595200712305,0.6663642114701364,0.9085765489961626,43.98148148148148,0.28627861632039087,0.06002583507546653,0.16662733981351668,0.0930085122896028,0.1957965520912756,0.05437457466022551,8509228.555565597,1871175.0116346064,838519.3157359037,881165634939.1019,26234976.83820775,7800767.010288584,25666506.631958462,26274978.662801743,2647340.1018327377,1957320.3299631916,8581766.475632325,8174347.26784188,2456635.54723713,2371200.855152621,2571369.8755303314,0.05767850263915118,0.8084624001845406,0.05767850263915118,0.05767850263915118,0.011488807436253691,0.001148880743625369,0.002297761487250738,0.0034466422308761075,405.99654998773815,678.5680316823755,699.1278258274739,731.786487768943,488.01960346718704,317.9392529060405,189.69168375541224
0.5762622370720273,0.7371413337575915,0.49538045298157335,0.5255753107033062,0.7359813021615205,0.9255685610710381,0.7045773315123217,0.9137035491654646,43.75,0.2888148121226104,0.06954106751651654,0.16777981984336685,0.09469084780877504,0.18063669511368394,0.05711530907366445,8296356.292856144,1935908.6807887647,884326.6356838061,883331586362.0714,27880842.341502875,7616041.1647595195,26584458.27544617,23545301.9612937,2673635.7953222804,2039780.4676794864,8855740.737869952,8501461.400792316,2599275.854416541,2658934.500267388,2434334.3415087364,0.048539278574170924,0.8387927356587271,0.048539278574170924,0.048539278574170924,0.009668392886725103,0.0009668392886725103,0.0019336785773450206,0.002900517866017531,403.5638389338761,647.7483593807083,677.9054714554802,644.5105828161027,520.0176943807597,306.01689458767515,213.86008656463056
0.5246920139202561,0.7562669413556706,0.5477237259885117,0.5660239523826371,0.7229252008873625,0.9556179260689215,0.708074222284749,0.873780698754108,45.254629629629626,0.3062101155432423,0.06524440718845724,0.17739593108742757,0.0898323471378028,0.16503661998443483,0.060093146027884285,8408031.61211663,1974397.587837672,895205.5060564167,909030066791.3016,25305732.03296441,7738410.900164406,23722406.266816765,25269603.026420224,2665910.321929022,1893981.7371127577,8394583.655247396,8666369.368821928,2488668.8280713945,2694429.201094389,2566167.175705861,0.03757364915570918,0.8751843610946303,0.03757364915570918,0.03757364915570918,0.007484182148901422,0.0007484182148901422,0.0014968364297802844,0.0022452546446704268,391.4977067177145,665.5838139897152,659.602839061632,689.0414666197806,508.5071585558963,304.39201862579154,207.92787007200513
0.5287806526069888,0.7540973517323074,0.4956025079767075,0.574213606097995,0.7278571708774499,0.8884054698184308,0.7468528781040865,0.9069833990271822,43.98148148148148,0.28913882662396173,0.06817686159154412,0.17277002204899278,0.08405586455656183,0.18318580091695094,0.05788086599624767,8676635.963093482,2122411.4998087767,876610.0573382005,847773863544.4786,27750625.521035943,7666784.63141162,27926941.38809829,26967529.326858528,2575927.7956149513,1885247.6585828317,8555085.447655069,8486256.906314446,2743184.514362196,2750831.195455461,2470980.774118582,0.03609547023231004,0.8800899922859435,0.03609547023231004,0.03609547023231004,0.0071897481357040315,0.0007189748135704031,0.0014379496271408063,0.0021569244407112094,401.11593842544085,662.4674863772353,655.6576304213318,650.0537615664224,484.97072812085514,315.8510205000987,207.60597993451938
0.5928568636606897,0.7063824906501914,0.510223428586343,0.5284445006673704,0.7108586374338605,0.9107446360205523,0.6944688893325024,0.9254454474165599,43.40277777777778,0.3057425837120341,0.061632684153001265,0.18429420587957393,0.08720292349859522,0.1861340221989642,0.05908103851099616,8357309.9084244585,2101292.1917348956,891865.9494218009,852455202000.3744,26081425.754139163,8045405.97613817,25981809.30919454,25778321.4463904,2553384.866797,2004875.6230975394,8611579.751992134,9149673.070176844,2684872.132774188,2604673.2411137344,2668626.944845205,0.05164673981307508,0.8284800065715672,0.05164673981307508,0.05164673981307508,0.010287358743254793,0.0010287358743254792,0.0020574717486509585,0.003086207622976438,396.4740767068345,651.1747588646422,617.7700848804948,715.9182462110492,458.8169372912996,294.6069882524861,196.72727045180937
0.5655062013031595,0.7138844501684191,0.5452368659612067,0.5331933548870614,0.6551852134034976,0.9314967421707485,0.6868792549143837,0.9163307507431446,43.51851851851852,0.2755612758528215,0.06302927760577552,0.1707129938480968,0.08978134665271703,0.18434804861345663,0.05955821316065894,8855156.060098598,2111897.948997134,851823.0017207367,869199832484.7964,24543448.372598402,7679015.392662423,25051175.212935157,26542444.06233732,2579974.403548174,2115371.319369488,9027728.58428717,8769654.936109846,2643478.403438679,2611398.5602249643,2588513.4385027178,0.058190092936439196,0.806764585880858,0.058190092936439196,0.058190092936439196,0.011590709568640327,0.0011590709568640328,0.0023181419137280656,0.0034772128705920983,392.58725196646856,654.0764662564644,656.8922548138987,661.6023759972464,495.88726098915896,291.29577621130966,206.68489318424545
0.577910270329537,0.7266840230752295,0.5247743961276304,0.5528340522670593,0.7083606779386817,0.927545505405185,0.7461019591635256,0.8769223168416507,45.138888888888886,0.2985524221236317,0.0658625311399938,0.16734254433588075,0.08866060662167116,0.19382888328259945,0.055829601277750746,8559856.20259868,2093001.6589474825,856505.6521559105,821366141592.2683,26905007.852356248,7945337.697787078,25301140.827448595,25938536.12249971,2731224.861079381,1984169.28276788,9121321.482619213,8776067.320741173,2607791.8368553068,2541892.160833629,2693559.1337445285,0.05559268641613501,0.8153845967880788,0.05559268641613501,0.05559268641613501,0.011073339977197625,0.0011073339977197623,0.0022146679954395247,0.0033220019931592877,373.614593807149,699.8536869120726,614.1744663065833,713.4491326455451,489.8873369327541,335.44185941178523,198.7707298074318
0.5208864387170531,0.6806586101489578,0.4933137757164673,0.5568319824358203,0.6740789207893951,0.8978576884548289,0.6799460823310887,0.8920306794512333,44.44444444444444,0.26307475359488514,0.06528310819538027,0.18037145196847443,0.08904844934222689,0.18191350912964402,0.0583662142066457,8327977.095984768,2055580.2340021487,930692.2993791387,901591030470.2231,25379664.51970466,7899191.921891138,24725099.113424275,26000061.23203955,2591393.7513319873,1975574.11765912,9053688.566244524,8324070.946409099,2621843.082364386,2841401.213494179,2562697.082878736,0.049305745058766524,0.8362490639594432,0.049305745058766524,0.049305745058766524,0.009821063040160812,0.0009821063040160811,0.0019642126080321623,0.002946318912048244,374.29631823491604,643.0325271908706,662.3145639709132,699.610702281994,483.7853849419103,331.3445408036548,189.09369549722763
0.5508297627015454,0.7737460288410803,0.5176440843231295,0.5407376015783106,0.7037072147481818,0.9082574178667924,0.7336204660989188,0.84401954727953,46.29629629629629,0.2955627191873105,0.06287682643559327,0.16536369345496693,0.09525670134854793,0.17699007837968153,0.06495056949164454,8136705.918937908,2015849.9708340715,864887.886950005,905264542834.0236,28052474.39861547,7832408.418138397,25357126.23855266,27902407.781960957,2622050.7210700205,2097051.7123554128,8219872.521232707,8719304.479263397,2610244.339507209,2565860.905578193,2595731.6692128726,0.04055284058557606,0.8652973209184379,0.04055284058557606,0.04055284058557606,0.008077598328021247,0.0008077598328021247,0.0016155196656042494,0.0024232794984063743,383.2881223772604,672.5949176200099,620.3540497887132,683.7994503020603,523.0332934938116,297.6343900552322,200.68286157381272
0.5703169189511919,0.7421496123693327,0.5546441723797257,0.5621889437655396,0.7716697860635677,0.9387426862340731,0.7174623648234554,0.9199232161013577,43.51851851851852,0.30236163827177437,0.06620433452536677,0.17695878614191918,0.09560876551904508,0.17948213928597823,0.059311323274030436,8429645.047386752,1943390.2877152953,878594.9731355599,878886914745.3164,25077765.717475254,7331254.00972295,26205531.34347163,25592889.0587243,2653660.279765284,1912183.6975070215,8403104.370007254,9206496.837455332,2756733.2589602424,2571414.5387851144,2491433.884903357,0.04986631663917853,0.8343886955112791,0.04986631663917853,0.04986631663917853,0.009932721606990845,0.0009932721606990846,0.001986544321398169,0.0029798164820972538,390.89776195659056,711.4931690586666,644.4429083674567,646.5879925408614,515.7849485073542,334.3676597989462,188.2381856794848
0.6012817955262015,0.7922420553080145,0.5040066493953996,0.5579687597018931,0.7188861721846629,0.870879855397973,0.7291022040827208,0.9004914447800397,44.21296296296296,0.30109405895757335,0.061200009169774416,0.15443790795902787,0.0866556283994518,0.18189974210415988,0.06268602614200369,9020602.926485121,1839236.2018058542,915665.1377360359,857283464796.7029,26734206.32384716,8462709.31304898,24351591.392880566,24613753.425142944,2498645.916414603,2126756.7619750276,8913761.003482185,8085589.378033835,2694159.981443834,2703484.6325018876,2829614.1778446753,0.04769798946232042,0.8415847211502505,0.04769798946232042,0.04769798946232042,0.009500819039242686,0.0009500819039242686,0.0019001638078485373,0.002850245711772806,389.6545937075496,687.7206365102171,660.1809333385094,684.9156652372541,490.89475526749595,306.34630239060397,195.09957266872556
0.5942737924858849,0.6932837294241481,0.5511989815615177,0.5263282460816037,0.6888626055557336,0.9123055109421168,0.7651471297340302,0.8966571270740566,44.3287037037037,0.312875609195993,0.06464070605273249,0.16396157188895405,0.0868697613029792,0.1887703731701975,0.06313855398634914,9050210.842214206,1970815.692803529,873139.4204072295,865761887169.3092,25574792.072418213,7875103.647589353,26174246.318450663,27656292.883887306,2534966.839176845,1993818.0833431801,8663495.102240436,8741565.484342683,2570409.137784736,2525654.2470986247,2657481.4796705954,0.06528056620325015,0.7832334380149049,0.06528056620325015,0.06528056620325015,0.013003039609590478,0.0013003039609590476,0.0026006079219180953,0.0039009118828771438,384.0814526786996,715.4547110541089,693.7124797487659,734.1559443601727,470.89817895873927,301.77282524010616,200.25027615688128
0.538677289170058,0.78107350387033,0.5374214279613768,0.5682483648666188,0.7102261783645568,0.8862298323760079,0.7673827651384142,0.8323534636934602,46.875,0.29360934372799646,0.062252160695166724,0.1822192631813614,0.09668149339810223,0.18514742426669598,0.05547141166647714,8985761.513485355,1952958.3485480084,908542.1904167179,838549535159.442,25209310.787265882,7485119.284083663,27577602.375471897,27276407.24255387,2465091.245190983,1989296.0158255028,7949711.67359682,9062730.975021709,2561745.4599687555,2563150.622177948,2640175.182860373,0.04904673956744714,0.8371086252729113,0.04904673956744714,0.04904673956744714,0.009769472515467113,0.0009769472515467111,0.0019538945030934222,0.002930841754640134,399.17983155351885,683.0811198419157,705.3062845455396,667.286797307205,498.8071022597439,295.8135383895735,190.11801075830869
0.6133925519233624,0.7336293599650535,0.526774608700742,0.5774188595457412,0.6703258723412303,0.8931671119935911,0.6818016341201621,0.8239651439143719,47.22222222222222,0.2783282201577074,0.06734509800319757,0.170166740918471,0.09256782886650075,0.18774492315019423,0.0633634048657602,8059537.723027962,1916462.5610016617,890257.0458876106,846193092700.461,27047652.01088263,7985233.669508623,24937666.975959755,25670242.049162656,2440490.0400592196,1948709.7319901932,8893052.710574582,8823398.450812908,2662873.5450345175,2537167.663635552,2485563.45873159,0.051049897437513474,0.8304607468781058,0.051049897437513474,0.051049897437513474,0.010168475505846179,0.0010168475505846178,0.0020336951011692356,0.0030505426517538543,376.2953741560362,670.6287858052001,689.4536957053152,674.4425353336402,500.7358009958319,326.08850229209713,204.70884085097885
0.5581187409026154,0.7497564737606173,0.49905954599978425,0.564167402720303,0.7066103707393372,0.8571842638557078,0.7389850898614061,0.8794594891730355,45.023148148148145,0.2842313326348724,0.0619204882838215,0.15819476569481972,0.09347850782429813,0.17990430187097267,0.06047657005984211,8273410.933431461,1994137.1505848798,906701.6423073703,864732630743.437,26417346.788856775,8180645.582796279,26130189.553993583,27433711.10269025,2613434.2168400474,1929591.2499051664,8184893.236389009,8430566.458947755,2717222.7399290698,2627075.574475432,2633341.03908516,0.06212224756195344,0.7937149475220375,0.06212224756195344,0.06212224756195344,0.012373943620063896,0.0012373943620063897,0.0024747887240127793,0.003712183086019169,408.7843667946987,725.4421464945231,667.1115316388045,698.4314317137533,478.8095267746339,344.29588569676037,211.07877033821327
0.5693874223851588,0.7757780595014567,0.4843922134842652,0.548349040785702,0.7613782262623747,0.9024947192804089,0.7273849881094481,0.8854434142536277,44.675925925925924,0.2949804851408894,0.05907307622580085,0.1633057110403631,0.08959077840210437,0.16600337555906022,0.05747984120926676,9169549.0748379,1831702.3450698857,814822.749819127,871135813097.5363,26544255.510736994,7866365.954062569,26753365.92329891,26224072.869729403,2506850.0879493817,1810327.0211299413,8336838.093300054,8869464.274347227,2420387.211920869,2664717.361340807,2532075.8809482474,0.04514030043201156,0.8500729216557146,0.04514030043201156,0.04514030043201156,0.008991360655156773,0.0008991360655156773,0.0017982721310313547,0.0026974081965470322,389.3357051959564,694.6965335659136,636.2508105523984,660.2681137475173,500.34058173918476,317.3958463534195,201.6020995462206
0.5860228448171616,0.710701153631577,0.543729719222161,0.5511796275330847,0.7153305279862506,0.8703020876164309,0.7415954265069109,0.8706907275772546,45.37037037037037,0.28402112847604444,0.06253040116213353,0.17358927910588798,0.08522111155892557,0.1688186168576105,0.06400934710200844,8574632.575932205,2029000.3766393247,883398.0042423033,828580636101.6868,26016325.71558059,8489895.414836118,26680944.46711259,24274273.547475617,2595148.3491316233,2148958.914453645,8435123.076087525,8352903.373466449,2522589.831175574,2645419.2301181667,2511644.1065691872,0.04201752953570529,0.8604364588904481,0.04201752953570529,0.04201752953570529,0.008369345314022598,0.0008369345314022598,0.0016738690628045195,0.0025108035942067795,377.86377116997994,698.5850506365691,633.5636399850403,658.4724523133365,544.0510505955539,329.6152080549258,183.60230694269728
0.5627672888758675,0.7408917142341703,0.48113974184674,0.5456403581337914,0.7711045925631864,0.9416707471681782,0.6927157937285542,0.8722181388651316,45.254629629629626,0.2941542793841807,0.06428645039042924,0.1758065481937931,0.08740891794234992,0.18296426084813894,0.05777810813108292,8626803.638439348,2128012.765844909,844075.8459348045,818594136846.6193,26263909.953184504,7373097.260858381,25568114.8990552,26155558.7807622,2566299.8022650196,2076769.970979251,8656743.316028392,8320211.27968664,2652269.515592099,2484270.883611575,2577737.3817806006,0.06359040436839983,0.7888425767221073,0.06359040436839983,0.06359040436839983,0.012666381357933298,0.0012666381357933298,0.0025332762715866595,0.0037999144073799897,397.2205223688736,668.4283214960209,647.2673155651105,688.2055167572532,496.9328886255054,299.37605551978976,186.65788455156442
0.5659912341386422,0.7125588081121172,0.557692317154223,0.5726336918552332,0.7449329890664589,0.9070618134435591,0.7160547816524726,0.8918949258850607,44.56018518518518,0.2911352043097631,0.06724039149817772,0.16427784591385705,0.09229301669986216,0.17383117381211272,0.06068687376168379,8699610.054121878,2013304.314464839,863196.9929589495,919373378489.49,27423510.67772723,7212295.824530252,24574744.70994869,26059215.070617918,2485190.3879050445,2105286.119621892,8597677.84513985,8621838.965853715,2382441.6534094564,2394545.518870578,2465862.5433729775,0.043475388554718476,0.8555982633493002,0.043475388554718476,0.043475388554718476,0.008659731866590265,0.0008659731866590266,0.0017319463733180532,0.00259791955997708,367.0260024990954,627.5687320158381,650.6254318266017,691.5432883685401,542.202530362885,339.532991101215,191.64199561415919
0.5485304147683422,0.6994795059023916,0.5421041070104534,0.5869538293019456,0.7001145233129655,0.9219013748488896,0.7106239914845729,0.8276885768876212,47.10648148148148,0.2925411948878254,0.06447693938181187,0.1686553153094063,0.0885717739118584,0.17891803892086333,0.06452972757075251,9367537.072420707,1895528.534183145,870145.1906481606,897863157184.8875,25471223.856622174,8325454.820867805,25834605.510992985,27562299.606171094,2790447.4260616647,1920056.7228216226,8282406.595444561,8388353.0829300005,2668188.37871841,2490810.1331527904,2454233.0822062814,0.04367462942495178,0.8549370428352414,0.04367462942495178,0.04367462942495178,0.008699418056189583,0.0008699418056189582,0.0017398836112379164,0.002609825416856875,395.5899799116795,680.2199741054405,673.2089456137136,706.323825073621,504.47039401744087,311.428116954854,201.5083193256047
0.5452146980486766,0.7171439540774842,0.5257102208836759,0.520543385780494,0.736696136789979,0.8986477311586072,0.7214060252544245,0.8369349633411652,46.52777777777778,0.29790735553207665,0.06047558024506854,0.1693305971860184,0.08310199244693774,0.16955198720545037,0.0598400825747337,8876505.362122266,2038579.2362252441,824185.9307592764,928758145529.4731,27503415.887948442,8010465.796269253,26318011.058463547,25849010.621169295,2683542.97310914,2064252.2433425388,8779599.221161999,8549586.436977038,2471943.572526168,2590813.015371935,2556225.550192712,0.0594424465868958,0.8026084008392613,0.0594424465868958,0.0594424465868958,0.01184016212503209,0.001184016212503209,0.002368032425006418,0.0035520486375096275,388.63762226205483,739.4800243045623,663.4315820738448,637.097620240185,469.1904097352249,328.2523513668042,194.32820788539144
0.5315994699664292,0.7595502924467749,0.5204125313708482,0.5373111869809583,0.7165361356530504,0.8909031861649063,0.6734667732906809,0.8409044411494059,46.41203703703704,0.2725991935320435,0.06408176040785081,0.1713645720329239,0.09111104997521231,0.17600105412841618,0.06083147208271568,8459362.495820243,2143369.2663756805,848077.5142496722,823645217412.1318,27188883.87107521,7591556.135751333,26909098.797194175,26675686.80096435,2616515.7981476965,2044361.5635446776,8877999.633470764,8055164.00562821,2549202.5947389426,2631787.2279358385,2354710.8998548873,0.05282790586871346,0.8245600717430177,0.05282790586871346,0.05282790586871346,0.010522631656776258,0.0010522631656776256,0.002104526331355251,0.0031567894970328777,398.21137593707465,651.9215403158984,643.2867261060203,680.7334138602437,512.5538625735102,320.2903324793292,193.08093949719412
