Protein_micromolar,Polypeptide_micromolar,Amino acid_micromolar,Heteropolycondensate_micromolar,Polysaccharide_micromolar,Oligosaccharide_micromolar,Humic acid_micromolar,Monosaccharide_micromolar,Inorganic carbon_micromolar,Lipid_micromolar,Pigment_micromolar,Porpherin_micromolar,CDOM_micromolar,VPhenol_micromolar,SPhenol_micromolar,CPhenol_micromolar,Phenol_micromolar,DOC_micromolar
10.846866863542848,2.7505621646160408,0.538463763715128,396.39375083897346,14.821788492518621,2.229352607041407,0.0018364972618979054,0.5753717975512119,7.840624467928183,1.8934905140134497,2.1977288273330777,1.0461555106606093,44.11142588585453,0.0714086065313761,0.1345534915970887,0.22882510674791517,0.43478720487638,433.7301550821041
16.0804253277798,4.029755274470057,0.7833856613109149,372.02345146900353,22.650988025278036,3.3270905001966473,0.001563475522773952,0.7692793770400512,11.263196190429975,3.093939376316054,3.3894399659194177,1.517063703888943,43.9301481484476,0.1053415005941052,0.21490491219997682,0.3259863113298602,0.6462327241239423,428.31261488085016
16.567671701814504,3.9201986225818763,0.8736866827688998,374.66860319549255,23.651508903615042,3.4690482977336954,0.0019536085315380244,0.8353524520174977,11.37260263683452,2.7854410936204155,3.4584509169145803,1.6308707762026633,44.41677673041679,0.10283486931953083,0.20343416347893475,0.3113902022586276,0.6176592350570932,432.48044548635033
11.465950979442928,2.8531382161625847,0.5649910708081147,409.7904474278453,16.044806135405413,2.299503622930015,0.0017765145525842681,0.5235881976154864,8.340803962791597,2.789172854676502,2.3992290768054723,1.0741205488123535,45.74982678389205,0.07250346217528945,0.15199819345492052,0.2325811248103617,0.45708278044057166,450.26380742549725
14.9617287190543,3.2168922833901656,0.752207722802081,384.0095556847628,20.550510493246993,2.8909319457023472,0.001763983068881858,0.663852274355993,10.03713880597223,2.434662049505117,2.836422252934632,1.5496122939648234,44.46248651207257,0.09019883710350134,0.16835990656496522,0.2848458769115601,0.5434046205800267,434.4115443233681
16.833458078558525,4.042025430790218,0.866701632706605,379.63570299865495,23.4341610416869,3.3195219662672857,0.001790438701761199,0.7946950879640604,11.369783256169335,2.9051920468550967,3.370844738252578,1.653445185922808,44.89607612411665,0.1160075098585715,0.22675387550138051,0.33866313651857766,0.6814245218785298,437.5389631682393
13.697699572572361,3.4189401537073456,0.7515106205142043,412.38749282339785,19.99993015282153,2.6572696276919743,0.0019086863067848659,0.6687114647421031,10.02376241505597,2.9512084011423583,2.713675677079787,1.4967111164116171,46.987608377110945,0.08628060789747875,0.18069615582731374,0.24424246058588459,0.5112192243106771,461.25627752069863
7.231329369973328,1.743015531925843,0.38579103286242933,441.59707224428587,10.310678131258282,1.4402814775706425,0.002221389145107183,0.3628615098124385,4.692851494243111,1.5020898993550182,1.4815665958466222,0.7107707175418303,47.16721667670372,0.0450161522642844,0.09101785382753466,0.14287266630015327,0.2789066723919723,467.0465845719694
9.730234074380016,2.556420503833129,0.49406005064307507,398.3314799822555,14.204854968413422,1.9570749080244292,0.0020088144496043423,0.46180328633605683,7.1027456137576745,1.7939142422039354,1.9806736804638319,1.0124151091588074,43.92486629145497,0.06458974749284145,0.12985691874749627,0.18617786760444707,0.3806245338447848,432.9055641540066
17.033592693475505,4.241947898993473,0.8366727901515252,375.82082303749434,23.68493355785845,3.408241418187207,0.0018765800320077076,0.7396237725247462,11.794189255200349,3.544541570637649,3.4778068230666515,1.6378496462644057,44.59696978216955,0.1049924715030128,0.18518551557493862,0.30337273941147735,0.5935507264894287,435.02146051517536
15.182043704956977,3.7208741502101494,0.7605489878332863,408.8008339060201,21.634449226702934,2.9529696670171783,0.0018816688590001882,0.6514159513131362,10.488290698751467,2.48311070586026,2.992145826454666,1.6157796203230375,47.19077896228298,0.10416265428971137,0.1700951089782779,0.2850324016034409,0.5592901648714301,461.3553435804222
13.984499103697543,3.2453688382935235,0.7701188443831047,397.2561095125308,19.6971451376612,2.8770475325777287,0.0018820468280268347,0.7422031584437244,10.248743455740474,2.4877781692791796,2.7405022347983,1.4915099265540779,45.530932293286945,0.08867491920183244,0.18049016348312508,0.26071149401722443,0.529876576702182,445.82404108174944
13.052934814576783,3.075063470345332,0.7036930684677731,389.2633425207841,18.4250176160215,2.57595154200037,0.0018011256322395357,0.6013022849322818,9.430887209235467,2.79962541515408,2.7317070835737147,1.2460446613902036,44.36589216300059,0.07476996644380819,0.17080083531278492,0.22871006036636155,0.47428086212295467,434.9507644650013
10.531746714086795,2.312748710223173,0.5146581070089928,411.62411412042457,14.546707486617418,1.9312732076526602,0.0019254722308999744,0.4623657841014633,7.731693321907622,2.0932473547058152,2.0497453121466993,1.0305070376452938,45.422073350613836,0.06325675845567781,0.14124971025349273,0.17802358392933923,0.3825300526385098,447.48156935948225
14.377502353217805,3.230325979070447,0.6734429303247742,377.3585437922707,19.606416761263258,2.575929252587214,0.00181850746304078,0.6365226073060046,9.587688959445538,2.6025766546823936,2.7227357231999956,1.433131013415499,43.5018943795293,0.08685788874266884,0.17884064931911767,0.2567954872865436,0.5224940253483301,425.7414396001494
13.335064884722218,3.4681825102101076,0.7344657892620616,395.28795764147037,19.858566656988614,2.466605968846484,0.0017137557689769752,0.6092517487477564,9.958077770211935,2.6450705110712454,2.6662426511788166,1.4954761311540143,45.20188477542279,0.07727385322043885,0.17961370872230645,0.2820934697866312,0.5389810317293765,443.10757928115004
19.41371308275847,4.64416585225852,0.9060453377124397,365.8732925586719,27.049746694770423,3.496167465572356,0.0016708211725638413,0.8052338344836681,13.813489522940358,3.071504038922151,3.699909147518902,1.9555738511167675,44.40564223837117,0.1240164117790158,0.20606093262088765,0.3410095513348485,0.671086895734752,431.58810958069284
17.576498169398153,4.025628370185355,0.9167993629923467,374.0226109714067,24.835147283790217,3.3797065175439127,0.0017749926326005088,0.8377552814359012,12.186310011934935,3.8028213996445177,3.444604030817488,1.8466394430682311,44.65581790551637,0.10098352660356077,0.22284534157301106,0.2963636092481711,0.6201924774247429,435.31017830034017
19.702774847800036,4.572827006291056,0.9334242206966108,370.27171204105406,26.903852671254985,3.4880548790357033,0.0016972144523628703,0.8695980634520376,12.795353915093877,3.655202871353605,3.861366187100163,1.858650032704595,44.94947187723797,0.1372522425406638,0.2477006371642994,0.31809854013685374,0.703051419841817,436.822211455037
16.631828751553105,4.114521881894099,0.8145692704494029,384.3014645400471,23.481300108164806,3.0745641636251206,0.0017588289720886071,0.7093572368818152,12.044382102254925,3.4844736910905683,3.299249402773665,1.6841132764562392,45.28545126926989,0.10116044940006798,0.1988241848018449,0.33261918664648366,0.6326038208483966,442.22980497275637
10.881216853094495,2.6816853041297497,0.5870019387905222,414.9409187247088,15.047677161599097,2.2073943436629713,0.0019196474850181337,0.49403974024575187,7.567216965699579,2.33281792143826,2.2255155109355993,1.036583626591692,45.98763262129474,0.07580593835819739,0.13955086118785776,0.21894600647550086,0.434302806021556,452.87107357870354
13.722463438054849,3.6341272822403035,0.7422023640341257,391.6303004220269,20.30566080816293,2.7556935751255023,0.0019782496337027245,0.7083722661734304,10.193468940325378,2.372384755675852,2.811486689818622,1.4918591125903502,45.0181441810686,0.09060726794565592,0.1902126459811354,0.2631861244109463,0.5440060383377376,440.7205350018743
14.410378642151219,3.4806307287849823,0.7470338662484407,396.4492393976597,20.235157536324845,2.844382062282272,0.001858779072401253,0.6743149001664567,10.199719122756342,2.5847921420811404,2.9038630497970574,1.4025517908114142,45.58099529438492,0.09815182355452964,0.18096878246666823,0.2924510600253097,0.5715716660465076,446.3057745614264
11.835633749040198,2.955884595739408,0.6408888967612206,389.90924779234007,17.42464528307628,2.386291266823135,0.00187524130996947,0.5618661853231116,8.458840517213838,2.2111267338961107,2.4734205589476086,1.244713579332053,44.04658509396522,0.07942484289207453,0.15888344209851926,0.228245659092839,0.4665539440834328,432.1121478266726
12.666096915184871,3.087642483459729,0.6566363550243647,380.92349809526104,17.72629537303636,2.5177634904420096,0.0018233824066145393,0.6470719041772579,8.79535405808092,2.1807996009484376,2.4409966991958387,1.3379712070447003,43.30795243244692,0.08729554975956465,0.1735642651613587,0.2543675340541887,0.515227348975112,424.70182285515637
14.644398252629756,3.5394416147138332,0.7204340219626976,398.09639032477855,20.455746343804364,2.585124648910123,0.001963403261348604,0.5989015548131805,9.930099746290217,2.9913315103579534,2.987188094661062,1.367827930649746,45.82027909829468,0.09240481846315517,0.1944363591973417,0.29250492913656784,0.5793461067970647,448.56809380733966
9.395895589581217,2.1220417242779406,0.4784651906178981,416.8399846056412,12.884727899854303,1.7748030544221225,0.0019103576045625193,0.4204408924893678,6.276266103886831,1.8833359727627288,1.8302697553725171,0.9276442930857035,45.499964014391075,0.06315485940854544,0.10704321317805197,0.18877752259706954,0.35897559518366695,448.91849493089313
12.705492585556286,2.955147745425926,0.6200364779818741,396.805644313885,17.595450189756306,2.3770782271261925,0.0017946251382987889,0.5715095385290095,8.17219501555241,2.8957010310299665,2.4299236740835517,1.2984550025639574,44.83377318387799,0.07385021105109872,0.16193580156638276,0.23173161552297294,0.46751762814045444,440.72375103921684
12.39596437030325,3.2286747433569474,0.7217511862903355,389.69193165867927,18.301635033305857,2.3526456587717095,0.0018150863858510911,0.5716994937134154,9.096876973376418,2.6754569945172046,2.582493596230044,1.2965712506557283,44.24595083703289,0.08360425476330456,0.155812472590783,0.2396632340061178,0.47907996136020536,434.29971903356994
16.09079346681703,3.6110587129200726,0.706611736611928,391.4176105565727,21.71366203554436,3.107316684348928,0.001858386650119653,0.7527383407431666,10.66024507670055,3.2573771888652256,3.1040658329123754,1.5758929207399137,45.623059534117445,0.09417604989216201,0.1944859315501956,0.2939452250006309,0.5826072064429886,445.92159306916886
8.537900219999516,2.0627516996709465,0.41340053852189945,416.9882599165162,11.781878718276374,1.7362983173444413,0.0019765131060707074,0.4291133275048104,5.973652880438706,1.362658783452372,1.624375166614398,0.8769541540532629,45.14836370159155,0.05058797462018543,0.09950649894020902,0.1360217909011597,0.28611626446155414,446.1016836195218
16.95912970121428,4.130313618474572,0.8949858455335923,363.1429391514387,24.106647136659866,3.5147148189361452,0.001749777082398009,0.8403148652863938,12.511060527809196,3.1758996760514946,3.4913379207701336,1.6936999559168813,43.40009709116688,0.09814260679540411,0.20983834362788242,0.31278368356022,0.6207646339835066,422.57249710134806
9.519584302387868,2.295815010134927,0.4970482887849522,412.01556516558963,13.30663920745777,1.8307259770093653,0.0019019034852122692,0.39671882609386366,6.745754134976852,1.7781448202313697,1.9061079917091248,0.9354237463360898,45.11433289295337,0.06854710227353691,0.11529262639555528,0.1776336292412115,0.3614733579103037,444.84514859713045
11.909979371295465,2.8375513052368384,0.5691664638882472,404.5356440308593,16.441303465349357,2.2743899859598042,0.001903205632347608,0.5358787323501312,8.15474132480361,2.1926281711759694,2.3612372785166538,1.136117614024329,45.28276165142378,0.06757262986406909,0.1385371351066736,0.22069150371812213,0.4268012686888648,445.22260089297725
12.306357524144394,2.9682724164738126,0.6531964504333979,414.28997647873854,17.28926805735744,2.2606637245379457,0.001953432816464061,0.47283159043569767,8.255281093632206,2.7964563700625686,2.4961628088411376,1.1677248761071946,46.48384638618522,0.0871787046198953,0.15957104602286548,0.23908449465598894,0.48583424529874975,457.1886979752473
16.820322926114084,4.181180082867623,0.8467706719954838,384.0372115012768,23.903655727140247,3.592203956353711,0.001786103808656536,0.8172544751497721,11.32654088403938,3.196889761766209,3.4337634201017586,1.734915223626604,45.480939558871505,0.10829965343409106,0.22833322917816878,0.3497533974000383,0.6863862800122982,443.2523401302132
17.52021116587217,4.146990429774582,0.7996702264742606,371.8363944211678,24.268359552463796,3.5370193192551187,0.0016532911135089556,0.7863011770013276,12.09835211307681,3.340066926588939,3.477768022288718,1.7202332631331274,44.33949517054531,0.10318253603026974,0.19982460012536038,0.3207302166306332,0.6237373527862633,432.0584051479196
12.429908134678785,2.93253783914256,0.5863462954010036,397.5653644648116,17.516329213513238,2.347580767824317,0.0018930452952469422,0.5829129116082755,8.368347739788756,2.7115176038272195,2.4941223405317334,1.2392721693154076,44.896567468938194,0.08792047095424885,0.15163472466409336,0.2563408623877781,0.4958960580061203,440.90368084395556
9.255392666144523,2.4113137964433236,0.4901720016174676,401.06513747096733,13.421698034693895,1.8290698216396848,0.001990943523422223,0.45247138835152284,6.73336025440542,1.8751010243380457,1.8601074245328209,0.9840865154565085,43.98568459305649,0.05993560575893082,0.11141238093269097,0.1602812234780059,0.3316292101696277,433.9781702978782
11.619646070515662,2.931699204054898,0.6446014233520677,377.59927436566693,16.58270565773548,2.5959018992981653,0.0017471973932192773,0.6538521638870143,7.785773307862958,2.381809225587144,2.2146323228033125,1.3404066383189899,42.60830212811127,0.062440100452737096,0.12072332303857497,0.2149308897532708,0.3980943132445829,418.96437048185743
13.866821562543164,3.4008793756428575,0.6454896117500397,404.85314970050365,19.289577008982977,2.6653848195065035,0.001914404251438964,0.6328577336355549,9.633173140585383,2.755933580741975,2.7319846038701203,1.3565201094063033,46.11860907726583,0.0842118498356339,0.15758169279371417,0.237319298839488,0.47911284146883604,452.67962535230345
12.927643755315781,3.509384153811028,0.7727431047967028,395.252250350597,19.168031254328156,2.7432012438975484,0.001967007744238737,0.6564539251003503,8.719045109897483,2.735441639283423,2.6781375918653505,1.4177277437313387,45.062532050556804,0.07550622349889612,0.16163330090907208,0.21339776155818269,0.4505372859661509,442.313519056437
18.219289414134366,4.201086988086728,0.9164042757063544,361.66748858699486,25.32435200859014,3.51503922943385,0.0017449689160474087,0.8160884231982285,12.223437036300872,4.0374220524409585,3.5130232180555088,1.850468028200443,43.5596527006445,0.1116570181580858,0.20873935439792027,0.3083419737337452,0.6287383462897513,424.6911455400472
8.672587544802674,2.2088118450467267,0.4748761525052473,423.0368160467772,12.35188815355084,1.7264101573061224,0.002050657201003058,0.40889443472919285,5.8631830178675335,1.6597976861089485,1.793475251926741,0.8664533801077638,45.94260589597153,0.052886543891022625,0.12288466851055588,0.16282546874702875,0.33859668114860725,453.540657991211
14.428230151375553,3.3395462293428047,0.6728453845185427,408.7359221269774,19.741806182309247,2.568582292284124,0.0017998579204004854,0.640825396265344,9.125783555219419,3.0282106139768894,2.8193836892832933,1.3708767431358742,46.68165362947402,0.08588856929414523,0.18262567537850047,0.26172202568962916,0.5302362703622749,457.8782649377518
16.136488199502352,3.8675352987841944,0.7833827150888855,378.9742247384226,22.60848954990157,3.198293628871931,0.0017327093478257353,0.7364397520194399,11.839066218866503,2.6009443312883946,3.220965333406351,1.604737666571709,44.54278808706566,0.0908519876766431,0.21544992048277634,0.3179823139469424,0.6242842221063618,434.3575181453117
18.48623556271467,4.181024999444694,0.8130149037841001,368.40123700067954,25.268507980759093,3.5919779126471356,0.0017030957619681955,0.8488117272346154,11.961009985582102,3.185440450317213,3.4363945774011873,1.914262160965088,44.24841245610203,0.10698910890821109,0.19811919745105006,0.3282506675690159,0.633358973928277,430.76196934563757
14.549345812345138,3.895035852713287,0.7717599729176489,385.71175681061305,21.004927154348312,2.9424372886743404,0.0017866231157432086,0.7366237459271582,10.144726412414148,3.0618177056893923,2.8819626779411016,1.5531460249638316,44.63375252650661,0.08477913279824703,0.17384470072473085,0.26420514013116686,0.5228289736541447,437.6334286429031
13.867635321344428,3.5013826834761668,0.7072997617744055,387.0148450200208,19.767043751044845,2.7407604422575504,0.0017262802457358158,0.6670062468602188,9.726934433519887,2.6289245535994903,2.8095982390258647,1.4154592974650735,44.47606693886623,0.08363308373845775,0.16337549297968346,0.2462076906720706,0.4932162673902118,435.61489786450494
12.594103691422793,2.9863260396785174,0.6098933414039925,399.8376467561858,17.331823970666765,2.490663635290217,0.001872315123090815,0.5792060256387651,8.689577157518137,2.778883025744106,2.4169578990499794,1.2880153523370232,45.09595875031274,0.08150350043428037,0.13338254465682448,0.23302442207518895,0.4479104671662938,443.3633025197073
15.15666257637431,3.9084867439861113,0.7433141285876067,387.1449512046075,21.550182535687526,3.3394836851979774,0.0018433379761818986,0.7970400610290147,10.477712230372521,2.5651417428725223,3.034417388549863,1.610365754447495,45.04833362192321,0.09172014408177771,0.1695729178968849,0.2641284556809583,0.5254215176596209,440.3773106769757
9.00404585204718,2.257551591928945,0.49932587927787386,426.83500304846973,12.90234735542453,1.7975885022835232,0.0019267827143573642,0.48513208979277817,6.613368730509077,1.650302836985102,1.8204567985125837,0.9383042890935176,46.45159898691198,0.04981027005022647,0.1142503592658346,0.16603939872696466,0.33010002804302574,458.52208505457315
11.927974204066732,2.807080843858326,0.5720511968703383,401.89073228169536,16.34209765156874,2.379773472663615,0.0017806536756691626,0.6020926740172348,7.809342579700817,1.982920970201978,2.3036278370202488,1.2106638541606223,45.036966884535055,0.06519401166212832,0.14181635127437967,0.21967007578460987,0.4266804387211178,442.44747607851997
10.40320476123947,2.394236489228317,0.5107344889910993,432.5170947868794,14.310949439174498,1.9823784618590536,0.0019642379236257212,0.46158629667331896,7.632732519169312,2.1546086939849274,2.0711507888019116,0.9926781817399054,47.49100118758201,0.06592760574639188,0.13679364473734595,0.2068007562686988,0.40952200675243666,468.21010863324796
10.63261736292438,2.576120990315564,0.6029706824814078,407.56305186379177,15.129283888030786,2.1672971968836237,0.0018693143295033308,0.5034077078855484,7.373985126783461,2.027672734848099,2.18584848130671,1.0839505769348017,45.2256728986383,0.07116453439521647,0.1554093864850505,0.1864773449535509,0.4130512658338179,444.88714206556614
17.572924750213083,4.19424684495828,0.8593585351415793,379.84565458605795,24.45474608859862,3.461430459727461,0.001731897087379048,0.8444621306924618,11.802068439045565,3.5927954715991866,3.4290586182552247,1.799325938668374,45.18089905638667,0.10541073639731938,0.2109973093277329,0.3219451840808997,0.638353229805952,440.69408855080553
12.877007516373713,2.810616266823715,0.593788615842261,413.6311301827771,17.44341648019831,2.5265971503466234,0.001986866639565907,0.5875352523887405,9.044223879242551,2.386854737575065,2.467168015217741,1.307516520057671,46.57696615131965,0.0799524447678515,0.1486492447898655,0.23039178356093157,0.4589934731186486,457.0926110773592
10.641338668156799,2.3894694687395495,0.5211426220193123,405.7617908119339,14.767333752327993,2.0509774895058723,0.0017657387648251082,0.4526652638950774,7.0815484682578225,2.4144950090429673,2.136460191820519,1.0424203753058083,44.94989177561051,0.06945757576151262,0.12794373685538568,0.19865402215616018,0.3960553347730585,442.5759147262858
12.017253010477512,3.038054788000312,0.6815688373670488,411.8315122815267,17.570403531457906,2.3614420272667025,0.002055964261764087,0.6202715659301881,8.091518068743172,2.1476221462162925,2.5655688832137558,1.2130421342981639,46.30628370836185,0.07624151384717431,0.16018271335516374,0.19629141415977802,0.43271564136211604,454.4815108113784
9.359558331669508,2.277911375175027,0.4622236083929434,417.17845714219476,13.031361704922881,1.8755980520681164,0.0018854391055970147,0.45125751906819217,6.738729134517162,1.8759897385940185,1.8415455456544938,0.9431840161095613,45.55170337218995,0.0630154779238686,0.12741929156507498,0.15251148214580584,0.34294625163474945,449.64191872458974
11.39658277311198,2.8721581764245183,0.576918197792196,398.0322496683189,15.996359864794924,2.2305840287909606,0.0018026667582270836,0.5442460548734707,7.560342607592341,2.2506610397349003,2.3125065393413147,1.1160630130918479,44.503690922738166,0.0689714949933318,0.13119657141371138,0.20055352802300727,0.40072159443005045,437.73085361746337
12.575021266950532,2.893225557830534,0.7132006831493137,390.9809419591067,17.832974112746303,2.6173381688808255,0.001874932628612995,0.6060150868427663,8.687843542781833,2.4703797589208953,2.5780798262157396,1.2399311827387098,44.321154270589744,0.07774979510521786,0.1550061615869658,0.21435597976106868,0.44711193645325237,434.9560944724642
12.674249932223542,3.2648432922481088,0.6089984562945876,393.20026065271384,17.637887617144976,2.7630362876192445,0.0017623759580416625,0.677120010429822,8.678206373792833,2.013752524074252,2.6133882047627615,1.242502887915614,44.60079589477916,0.08483258593676547,0.1465841108554136,0.24571585959280443,0.47713255638498353,437.17493479776977
16.417508031632504,3.4699384265749447,0.7850598033997135,395.75015327804397,21.90492396981392,3.2962096669408973,0.001881830807839104,0.7670770503348144,10.399358772900053,2.7989879919558853,3.134351875305564,1.5938559937233703,46.142337485548644,0.08732175280270538,0.19403972542820463,0.31670969010866057,0.5980711683395705,450.51801908687304
15.842038615340858,3.6158331401635158,0.7213894994847696,370.65191746644433,21.755510715123062,2.8439603594749467,0.0016939138933263513,0.6614882856938051,10.68293634294864,2.881344055666298,2.924342932613951,1.6432402235403714,43.39938228638772,0.09880742392294162,0.1860596079992693,0.2678709136985922,0.552737945620803,424.0954971530601
10.856699984980283,2.5720224583205513,0.5680930010025588,399.0730220649989,15.284127703098727,2.262950294213259,0.00192765867261524,0.5068542640899378,8.078342220533484,2.1151413749560337,2.1899992204862393,1.0985206546259831,44.41828173327965,0.06747554359856073,0.1465357485765457,0.2005028083385594,0.41451410051366583,436.9438727799587
16.02154665516672,4.291928743934722,0.8767830419729219,379.5415296837669,23.196543214884045,3.1748507810431152,0.001887605853589045,0.7271066330863819,11.292148057322796,3.253378399629834,3.2695990056958832,1.6721167450358012,44.68099802743137,0.0931818081005501,0.18287657736532667,0.27841022909875834,0.5544686145646351,436.5817391246346
14.551075596526234,3.245281599576847,0.7061584320589614,405.4267426361558,19.874750821334377,2.879716372657264,0.0019216407393791925,0.656170154332044,10.212284372476129,2.8052210424617097,2.8750270321975515,1.3920887749316633,46.4392021899891,0.0772223473304937,0.19558800979558566,0.25538527800022415,0.5281956351263035,454.94234973809813
7.982462050181749,1.8303723407235377,0.4122591561781115,416.8014497184493,11.470081121235138,1.617513901953062,0.0021101061759502757,0.39241998078048235,5.412541370428421,1.2372702806501759,1.5575313963315107,0.8629681244060649,44.998199311379224,0.04652212150427126,0.0973147835186439,0.1570982882453846,0.30093519326829976,444.4673733703334
20.354366871111193,4.726570366883219,1.0286806574198144,375.11751805249656,27.976086887935338,4.25922007300929,0.0015985023874833441,0.949328172109346,14.353706079854229,4.196938082182312,4.013293307249984,2.0679530098529293,45.892112122189225,0.13515677502700105,0.2584187126211797,0.4054466721261732,0.7990221597743539,445.4905761424118
11.22940882401385,2.832498262047796,0.6115241340583699,427.41097481138553,16.098581903078014,2.27200360454582,0.0018864092873480298,0.5253536545510258,8.358295499377293,2.1236981196158644,2.272264105515576,1.1760573689341765,47.454772351193725,0.07248382732778397,0.14982626075429734,0.2092429822331819,0.43155307031526324,466.9858042673487
14.310276340528231,3.2876598103610943,0.7101968796087741,402.0836715837176,19.794613380538117,2.5155054391241802,0.001972557533979089,0.6226413784434016,10.064600271131381,2.359363931757866,2.707265920971765,1.4812078248267813,46.0167481850557,0.08962122066906153,0.1895151690049683,0.29322617648524685,0.5723625661592766,450.44673761357103
14.009149523717983,3.7691534391853505,0.6994265224350078,379.1446049802877,20.110233410596287,2.8557706486830647,0.0018162562911434742,0.603027844572055,10.80476726459854,3.1428646312755197,2.8233814068008174,1.4852739930167904,43.80295342658754,0.08365707549000156,0.1807411255243429,0.27779142434737025,0.5421896253617147,429.18689228222337
18.082812959711312,4.019352474736968,0.8349240221056314,369.17475561096825,24.496648587126774,3.7601969177980914,0.0016866609212276347,0.8586581651496472,11.811975376469125,3.193003381106191,3.4740873626109545,1.8072906403923372,44.2010329529375,0.10395965703783336,0.19247530139767902,0.291135019947054,0.5875699783825663,430.2909867610099
14.61762629537796,3.3268722422906847,0.7884405461536146,390.1778022450699,20.324204451446914,2.842143632753564,0.001746824181322674,0.6734418970295849,10.523251648605473,3.012544244419368,2.7698462763664726,1.5390805737328286,44.97019250615326,0.09294892956625972,0.16850206813433635,0.2892241599029306,0.5506751576035267,440.62442438642574
15.132527070778709,3.725682240416322,0.73542856586583,394.81519866845,20.888706377784086,3.0777303594596956,0.001883180592441366,0.7167273775031993,10.604228353763965,3.038984006480785,2.974671970237645,1.4979474228111487,45.65458107082363,0.08214383380560264,0.17710664149349878,0.30798923334321043,0.5672397086423118,447.1727269490222
12.863323767992217,3.003430161531771,0.6137142686605145,408.3260017143152,17.734586928397135,2.458607153361072,0.0018022508129794407,0.529659410778768,8.201324836039284,2.426588176203027,2.549220654406121,1.2523908197012947,46.08564189100243,0.08114239303621361,0.16727036859403796,0.2518838100796669,0.5002965717099185,452.2596218778701
14.69584662094798,4.222407071988035,0.8583826629283363,403.13349309716364,21.842111553030122,3.1142240554069005,0.0019085125149397963,0.7423384941443023,11.309638536912832,3.116924119049726,3.0452825789946503,1.609688035791079,46.63735843352212,0.0901063114777019,0.19957210006810858,0.3147271851972843,0.6044055967430948,456.9870123987028
12.117960556556083,2.6726776558840237,0.5578917579671985,417.30164431572075,16.364045697128887,2.482336853974545,0.002141703578839629,0.5792027814933622,8.448073964333778,2.3285108519510564,2.333242226196006,1.1988343672631185,46.61492163629614,0.0640382214008951,0.1503820582596398,0.21250261612530819,0.4269228957858431,458.36541166349974
10.197015509188656,2.503938292397182,0.5306198449440147,423.8328266039832,14.575873802706779,2.157683952690437,0.00215058288304703,0.524947065534711,7.317947748519836,1.9522829090522689,2.008310345745213,1.113889954655943,46.65440136169889,0.06479938984913229,0.12147199057322348,0.20529483163988038,0.3915662120622362,459.7911050758437
14.878841723048186,3.8705442389405103,0.7619010679465296,377.5636708138735,21.587559516348225,2.976568173125033,0.0017547735158879932,0.7457329224950705,10.312304163429204,2.977797704696941,3.141512154693713,1.4885340933272617,44.08122559786196,0.10273530260242979,0.2078287960586449,0.3164907381535117,0.6270548368145864,430.6214720188254
10.62882120379853,2.613037423620244,0.581489211111861,395.44098925178594,15.41950812597835,2.129549550474669,0.0019294956802330808,0.5120439900192925,7.2854944145736305,1.865327372447827,2.2106208561485396,1.04982053850124,44.00001056824466,0.0720426006975444,0.12354578941622807,0.20619381605726755,0.40178220617104,432.85491922573783
11.971494951823546,2.9805316076415966,0.5786201209345901,396.49881717675765,16.454867143931388,2.378342393245759,0.0017924805776339558,0.5693048358406672,8.660791836197841,2.5143138429288436,2.3124065981165813,1.2191585767937312,44.53221059895714,0.08087827554627271,0.15726102949415435,0.2273583046223035,0.46549760966273057,437.94514733825486
13.238413816191327,3.2390081447130186,0.7491950570910096,407.89257686263994,18.906697699546374,2.819173444600346,0.0019305131141232614,0.6658399189460946,9.678588622415278,2.442241008261498,2.6255845735138745,1.412235184491783,46.320728179680025,0.0830954991832767,0.17627731748938708,0.25520098269472946,0.5145737993673932,454.5074700224768
15.406848745632777,3.506698797216173,0.8080727741351225,381.7672169620108,21.842308226545278,3.085253519853443,0.0019465474109530683,0.7593510510214975,11.370293058721662,2.8303668330942897,2.9585681413975435,1.6848860851195406,44.54522889976966,0.0903191812408176,0.17042879750794046,0.2979432409125152,0.5586912196612732,435.21020890309876
13.432857795820984,3.28298949490939,0.6301213380049142,415.98671044993955,18.589901874065475,2.7245225628569556,0.0018646907688381735,0.6252584261518435,9.515644045126553,2.510524585782685,2.6582609635927925,1.3145772515471978,47.085733808655434,0.07832332377844138,0.187287363407763,0.2523855823271013,0.5179962695133057,462.27558570295395
16.109409047084963,4.256353411993301,0.8201205217644333,388.64680253860934,23.034205605305914,3.3174434710843026,0.0018225172328108206,0.7918646234606694,11.718641326492861,2.8057202350545034,3.3288116595350443,1.6125277912329126,45.60062078892409,0.09697408934358989,0.18573314445726868,0.27383876494671056,0.5565459987475692,445.2816274211058
8.07366884626093,1.9756621384160435,0.38124686015953846,426.5735546590669,11.407157367437259,1.516403343517877,0.0021918668170899077,0.36382528819479276,5.656849986362407,1.6769819552535792,1.6172355560141742,0.7818838034315294,45.96248181037973,0.04208581093529072,0.10189862783497201,0.15492495638502146,0.2989093951552842,454.668721079725
18.7783596360459,4.38278426598053,0.9657569776647966,370.9954242838833,26.196603923145567,3.4442922018853617,0.0017649586781504926,0.8395293215263252,13.300835841693637,3.9588780758552486,3.7629369652137514,1.7941445101260378,44.77142414568405,0.12894947629428732,0.22942102410978668,0.3597030703575432,0.7180735707616173,435.83854869076663
13.534962473635112,3.295626884580272,0.7201781187607961,387.12301103180096,19.263731257741888,2.744410121673732,0.0018074434764029752,0.5989147121760675,9.540961747074384,2.864555181731834,2.772773426995123,1.36413911147003,44.380938601665044,0.08554365896040891,0.19860536878671722,0.25593798030222065,0.5400870080493467,434.8241967720916
19.94339623384197,5.082529867275964,1.0158050934936398,366.44280353279896,27.815474811110473,4.1590605863481205,0.0017177834621288758,1.0297114930038194,14.59046140485351,3.801810246696744,3.934840669564266,2.0728268661022966,44.89901622836096,0.13224140033278173,0.26146759450951546,0.3721355991889294,0.7658445940312266,436.0658217777295
15.482160671052984,4.000681344688286,0.8309956433469444,383.91389579721124,22.642679285940105,2.94859270461639,0.0017238729124063044,0.6871865677240846,12.00273635885205,3.296672780020323,3.2417720358813877,1.5960429346579303,44.98548994532195,0.11399874696153384,0.22500490387338595,0.2915094641838729,0.6305131150187927,439.272916753071
12.890558058554586,3.0315956361169705,0.6383958598147604,397.5459898460273,18.006521090874426,2.5210382496776145,0.0017118436842248085,0.6124329121337817,8.80168736649875,2.053122977191627,2.591272178599704,1.290675549848934,45.080259457247664,0.08456455015057991,0.16374672292136008,0.2203461158396934,0.46865738891163344,441.6519715914354
14.353398651332256,3.4451883857658494,0.6976291131316886,394.64808431075625,19.887490459717167,2.7182477790636104,0.0019682995957754413,0.6127744316566922,9.481619290764753,2.717920507752052,2.8081275837024804,1.414069052808071,45.28874077115997,0.07214458708095335,0.17259623793306497,0.2594889884422558,0.5042298134562742,443.8091283887382
10.574975812022162,2.5573277953898317,0.5080268964882553,432.54951518948826,14.540319749682496,2.173942336289745,0.0020106354384655544,0.499737589479212,6.987744795239746,1.9515556280435669,2.0524343413811383,1.0589717136783792,47.55505227290579,0.06346596652870473,0.11954172799496031,0.21455932879520062,0.3975670233188657,468.8663847107004
14.596596759904918,3.9097268464190673,0.7843183452161625,393.06726253725634,21.001286944271918,3.2119339585046607,0.001778998065191295,0.7305714378106147,10.896715711494679,2.701542985345191,2.9729173960411375,1.5446584214671377,45.45846008584031,0.08756056390854265,0.17383654614639077,0.267385734235659,0.5287828442905924,445.0513774745929
15.919727314239998,3.9281888194136254,0.7897711551516114,389.32621667551365,21.921810433156057,3.1785453696012365,0.0018667905585813334,0.7211937550874976,11.044763018971627,3.374942266801671,3.188782332475821,1.560396023724492,45.47228594497558,0.10161589190590668,0.1884411649340326,0.31149806376580824,0.6015551206057475,444.51299605632994
14.832358642961644,3.844113589153727,0.8562104114101051,392.680792520584,21.49620759842698,3.0305876552688655,0.0018258870290634756,0.7991497827403015,10.480580585503692,2.522322075408682,3.013561107344417,1.5959721323135958,45.53480562277082,0.09291795939305031,0.19119330103963586,0.24303197216804392,0.5271432326007301,445.2002446352421
16.189468717256073,3.7118774135302544,0.7633664071655202,378.84042979307003,22.398316082026682,3.1004082304359764,0.0017985297872006754,0.7408408628399709,11.097340032793994,3.0804035207966156,3.0977778013025703,1.6382958687450486,44.4438063399405,0.10056926030501245,0.21233545882257698,0.3075280652974735,0.620432784425063,434.1834160113809
11.279490851059693,2.903178466360352,0.6227521736863941,392.894387074028,16.14754032381978,2.475252276620245,0.0020114103349795406,0.6587702597174316,7.77273677039622,1.808214969039771,2.2094288508864754,1.2394906967624937,44.000876713822045,0.0775565355795116,0.1350602076172094,0.1951692376042192,0.4077859808009402,432.64830333311653
